group,query,video_id
base,AI future,1UufaK3pQMg
base,AI future,CRraHg4Ks_g
base,AI future,79-bApI3GIU
base,AI future,P7Y-fynYsgE
base,AI future,qyH3NxFz3Aw
base,AI future,eHSn50wnBRQ
base,AI future,Ny-qhl4N9dY
base,AI future,Iar4yweKGoI
base,AI future,OjWN5En9_NI
base,AI future,KpOcUrPdx-4
base,AI future,k7PvscqGD24
base,AI future,m-Wbn1htwdY
base,AI future,zWM_vXdesqE
base,AI future,5KVDDfAkRgc
base,AI future,5KmopXwjXik
base,AI future,EDb37y_MhRw
base,AI future,DFnoQkYUqgU
base,AI future,pc1_v13nnuQ
base,AI future,ypicIkaiViM
base,AI future,CkspCK5mGHA
base,AI future,waidznZ6Z2w
base,AI future,McYBgZrORi4
base,AI future,oa7FWO8i7kk
base,AI future,5MWT_doo68k
base,AI future,K9mLOwHnZr4
base,AI future,HyLmalrUQfE
base,AI future,8s7CdgJDuS0
base,AI future,eaZ2R1K-SjQ
base,AI future,jREMLory91s
base,AI future,1ZMCM3W5Veo
base,AI future,GCjmK66x_Yk
base,AI future,vFgjDSySYo8
base,AI future,leA3tvbnGkg
base,AI future,lTMJNHC3ffI
base,AI future,BFU1OCkhBwo
base,AI future,k_onqn68GHY
base,AI future,7zHkl-QgLpw
base,AI future,90pDQo0x_hY
base,AI future,l6d_0PB0Pbg
base,AI future,LqEuKlvqriU
base,AI future,zQThHCB_aec
base,AI future,LnrPppASOlE
base,AI future,Olv6wnHSbXk
base,AI future,-HzgcbRXUK8
base,AI future,wNJJ9QUabkA
base,AI future,CqDxUUGuGUo
base,AI future,JMYQmGfTltY
base,AI future,z2MUcmJS3aI
base,AI future,zsXxX7I5gTw
base,AI future,LYgLTraIe2I
base,AI future,zQ1POHiR8m8
base,AI future,p1yCOdp2vs0
base,AI future,0bnxF9YfyFI
base,AI future,Se6EuQ5Dn3g
base,AI future,m7tsa_5LFwQ
base,AI future,lohkvcnOssw
base,AI future,jt3Ul3rPXaE
base,AI future,uW-eYOxjUcY
base,AI future,gSBGNv9f8vU
base,AI future,0zXSrsKlm5A
base,AI future,tMr5JSZP9cw
base,AI future,vp2lLS2V12o
base,AI future,86k8N4YsA7c
base,AI future,KK5fxtPhS4I
base,AI future,zRuCpMKajZk
base,AI future,gwoT1DAIchw
base,AI future,EkuVqdj8O6E
base,AI future,Q0TpWitfxPk
base,AI future,V0YtEbI_GcM
base,AI future,w1La-HBdpqU
base,AI future,ytmM1qtV0qI
base,AI future,ZxvPdYMw_Sw
base,AI future,cJfKqKEyw1o
base,AI future,Rwqh3gk7Y1g
base,AI future,9i_CwlmdELA
base,AI future,DI0oiDCpEvU
base,AI future,D87GZptEopc
base,AI future,dNFc1jqtAkk
base,AI future,8s4rMKP_K84
base,AI future,PqVbypvxDto
base,AI future,P_6RhqaMUts
base,AI future,DPCvFy5BKeM
base,AI future,nPojPmL9YW8
base,AI future,p3qQr8kYfPQ
base,AI future,BYizgB2FcAQ
base,AI future,HfuFcTzNQoY
base,AI future,AGddzUqJT7g
base,AI future,UN4hwsZ_z9Q
base,AI future,xp8CRZBXb3I
base,AI future,XF-0qldJ6A8
base,AI future,mcxeEUC5B4M
base,AI future,bpc0QOAohl8
base,AI future,uMwjKyAPR34
base,AI future,1ICg-67iiV0
base,AI future,KVT5LCwZ6Vo
base,AI future,TtwIapjZX9I
base,AI future,uoU_1KORocQ
base,AI future,Otim2mDjsYM
base,AI future,fIkQ1fyUYNQ
base,AI future,UccvsYEp9yc
base,AI future,37aUuoRyMhM
base,AI future,XyZ83EEjXxU
base,AI future,LqrqArz8t-U
base,AI future,BYx63PKKPvg
base,AI future,_ltuZlGdMsg
base,AI future,r7rlRQ8o-ng
base,AI future,eS-zBphDk4I
base,AI future,bjnUJq5OONM
base,AI future,Z5mqrGGSqV8
base,AI future,xduMbYokGec
base,future of artificial intelligence,qyH3NxFz3Aw
base,future of artificial intelligence,1UufaK3pQMg
base,future of artificial intelligence,zWM_vXdesqE
base,future of artificial intelligence,CRraHg4Ks_g
base,future of artificial intelligence,EDb37y_MhRw
base,future of artificial intelligence,eHSn50wnBRQ
base,future of artificial intelligence,LnrPppASOlE
base,future of artificial intelligence,Ny-qhl4N9dY
base,future of artificial intelligence,5KmopXwjXik
base,future of artificial intelligence,79-bApI3GIU
base,future of artificial intelligence,KpOcUrPdx-4
base,future of artificial intelligence,5KVDDfAkRgc
base,future of artificial intelligence,m-Wbn1htwdY
base,future of artificial intelligence,VE-lb1X92cw
base,future of artificial intelligence,KK5fxtPhS4I
base,future of artificial intelligence,lTMJNHC3ffI
base,future of artificial intelligence,DFnoQkYUqgU
base,future of artificial intelligence,VpWO5EeGChg
base,future of artificial intelligence,P7Y-fynYsgE
base,future of artificial intelligence,0zXSrsKlm5A
base,future of artificial intelligence,ypicIkaiViM
base,future of artificial intelligence,tMr5JSZP9cw
base,future of artificial intelligence,oa7FWO8i7kk
base,future of artificial intelligence,pc1_v13nnuQ
base,future of artificial intelligence,5MWT_doo68k
base,future of artificial intelligence,gSBGNv9f8vU
base,future of artificial intelligence,1IxG7ywSNXk
base,future of artificial intelligence,jREMLory91s
base,future of artificial intelligence,waidznZ6Z2w
base,future of artificial intelligence,e9D9PHpuetQ
base,future of artificial intelligence,McYBgZrORi4
base,future of artificial intelligence,k_onqn68GHY
base,future of artificial intelligence,xhM3BTq7exU
base,future of artificial intelligence,l6d_0PB0Pbg
base,future of artificial intelligence,i_ekMkE_x3M
base,future of artificial intelligence,UmItR3kIfe4
base,future of artificial intelligence,40zBmnkRoio
base,future of artificial intelligence,Olv6wnHSbXk
base,future of artificial intelligence,u7gfh7E3g48
base,future of artificial intelligence,1ZMCM3W5Veo
base,future of artificial intelligence,XAo286zUyEc
base,future of artificial intelligence,lIW7tPBrfCQ
base,future of artificial intelligence,JMYQmGfTltY
base,future of artificial intelligence,GCjmK66x_Yk
base,future of artificial intelligence,jeEf9nQgm2w
base,future of artificial intelligence,jv-gnCQbhfM
base,future of artificial intelligence,OjWN5En9_NI
base,future of artificial intelligence,0mcgeEBpQN0
base,future of artificial intelligence,AG1AzZoE1hs
base,future of artificial intelligence,9lQpF3_WmkI
base,future of artificial intelligence,No8ZOZErpi0
base,future of artificial intelligence,0bnxF9YfyFI
base,future of artificial intelligence,z2MUcmJS3aI
base,future of artificial intelligence,UclrVWafRAI
base,future of artificial intelligence,LBwmpMnkon8
base,future of artificial intelligence,-HzgcbRXUK8
base,future of artificial intelligence,Rwqh3gk7Y1g
base,future of artificial intelligence,HyLmalrUQfE
base,future of artificial intelligence,qNk0qx_a5vQ
base,future of artificial intelligence,Iar4yweKGoI
base,future of artificial intelligence,lEJAGXD_jK4
base,future of artificial intelligence,zRuCpMKajZk
base,future of artificial intelligence,Otim2mDjsYM
base,future of artificial intelligence,cC4Pm8NS4CA
base,future of artificial intelligence,3URuI6gnJPU
base,future of artificial intelligence,8s4rMKP_K84
base,future of artificial intelligence,sl6bq1iC56Y
base,future of artificial intelligence,kE-IJLXd4ZI
base,future of artificial intelligence,4UbfkYx2k9s
base,future of artificial intelligence,vVZias4tg7g
base,future of artificial intelligence,8s7CdgJDuS0
base,future of artificial intelligence,7wfAcn9BJ9I
base,future of artificial intelligence,m7tsa_5LFwQ
base,future of artificial intelligence,4aVXJMXCLWk
base,future of artificial intelligence,BYx63PKKPvg
base,future of artificial intelligence,gsKtvzK82Us
base,future of artificial intelligence,fxmXYfHTCwU
base,future of artificial intelligence,ZG9MAwSm91c
base,future of artificial intelligence,7zHkl-QgLpw
base,future of artificial intelligence,GUyPQO_-9Lg
base,future of artificial intelligence,1JIB5GwCc_E
base,future of artificial intelligence,leA3tvbnGkg
base,future of artificial intelligence,UHL36U_sgbA
base,future of artificial intelligence,mERBjn6JotM
base,future of artificial intelligence,f-FyMY1LMwI
base,future of artificial intelligence,oA6jd0IrsVU
base,future of artificial intelligence,w4rG5GY9IlA
base,future of artificial intelligence,ROoK9LmUwsg
base,future of artificial intelligence,SKk82S_Wx_I
base,future of artificial intelligence,uoU_1KORocQ
base,future of artificial intelligence,_oBqVxQpXDw
base,future of artificial intelligence,Ndb6CA93McU
base,future of artificial intelligence,zQ1POHiR8m8
base,future of artificial intelligence,wWoSx73g1DI
base,future of artificial intelligence,zsXxX7I5gTw
base,future of artificial intelligence,-01liKNgDTg
base,future of artificial intelligence,2gBciMTmLao
base,future of artificial intelligence,EkuVqdj8O6E
base,future of artificial intelligence,yVG2kCgks1g
base,future of artificial intelligence,Isy96puQvYg
base,future of artificial intelligence,XF-0qldJ6A8
base,future of artificial intelligence,P_6RhqaMUts
base,future of artificial intelligence,wrlNSMtS_dU
base,future of artificial intelligence,ZxvPdYMw_Sw
base,future of artificial intelligence,GJWaSi1h-Kw
base,future of artificial intelligence,ZiXGaaBltGg
base,future of artificial intelligence,hmtuvNfytjM
base,future of artificial intelligence,u9Ji_p0ODKk
base,future of artificial intelligence,_Z4W6sWDo_4
base,future of artificial intelligence,86k8N4YsA7c
base,future of artificial intelligence,O1Ltt0j_8VI
base,future of artificial intelligence,aQFFG8Q_jfI
base,future of artificial intelligence,UFJQV5Jb0pY
base,future of artificial intelligence,G3sj23pqK9U
base,future of artificial intelligence,_mbX3lDgEB0
base,future of artificial intelligence,1G-X70bnJEg
base,future of artificial intelligence,dyt42j7XJaQ
base,AI will change the world,1UufaK3pQMg
base,AI will change the world,79-bApI3GIU
base,AI will change the world,pc1_v13nnuQ
base,AI will change the world,DFnoQkYUqgU
base,AI will change the world,id4YRO7G0wE
base,AI will change the world,Ny-qhl4N9dY
base,AI will change the world,uoU_1KORocQ
base,AI will change the world,wrlNSMtS_dU
base,AI will change the world,SP76PvgMzVU
base,AI will change the world,uCElhzG1ols
base,AI will change the world,5KVDDfAkRgc
base,AI will change the world,7krR4YQ_yNE
base,AI will change the world,p_kF_SDB0-c
base,AI will change the world,zWM_vXdesqE
base,AI will change the world,u7gfh7E3g48
base,AI will change the world,P_6RhqaMUts
base,AI will change the world,lTMJNHC3ffI
base,AI will change the world,m-Wbn1htwdY
base,AI will change the world,CRraHg4Ks_g
base,AI will change the world,UclrVWafRAI
base,AI will change the world,RiN33qvoDo0
base,AI will change the world,ubYFqng4iY8
base,AI will change the world,5FWjXRjWGeE
base,AI will change the world,cuHZ8xelnQs
base,AI will change the world,uMwjKyAPR34
base,AI will change the world,BFU1OCkhBwo
base,AI will change the world,k_onqn68GHY
base,AI will change the world,jeEf9nQgm2w
base,AI will change the world,JMYQmGfTltY
base,AI will change the world,jt3Ul3rPXaE
base,AI will change the world,jv-gnCQbhfM
base,AI will change the world,-zoCpFfOH04
base,AI will change the world,5MWT_doo68k
base,AI will change the world,Uz3ZkNeRunk
base,AI will change the world,mluG7orQN1Q
base,AI will change the world,UmItR3kIfe4
base,AI will change the world,Olv6wnHSbXk
base,AI will change the world,QX1Xwzm9yHY
base,AI will change the world,cgEw5HPOokk
base,AI will change the world,O5vAUMAsZDQ
base,AI will change the world,w9l7FyJ7mIk
base,AI will change the world,sl6bq1iC56Y
base,AI will change the world,9lQpF3_WmkI
base,AI will change the world,No8ZOZErpi0
base,AI will change the world,F-vEx81_h2w
base,AI will change the world,IidpM2DsrBE
base,AI will change the world,Otim2mDjsYM
base,AI will change the world,ypicIkaiViM
base,AI will change the world,zQ1POHiR8m8
base,AI will change the world,o-kZdtcW5js
base,AI will change the world,qyH3NxFz3Aw
base,AI will change the world,-OPhI8szPVo
base,AI will change the world,mWRe8w6YjO0
base,AI will change the world,kE-IJLXd4ZI
base,AI will change the world,iE1UwQj1kjo
base,AI will change the world,pNt4p7TExmY
base,AI will change the world,_oBqVxQpXDw
base,AI will change the world,86k8N4YsA7c
base,AI will change the world,jHrkQ928VNI
base,AI will change the world,qbrcZB-1hck
base,AI will change the world,qe9QSCF-d88
base,AI will change the world,Q0TpWitfxPk
base,AI will change the world,p1yCOdp2vs0
base,AI will change the world,GCjmK66x_Yk
base,AI will change the world,ZjiW-HVGPYk
base,AI will change the world,GJeFoEw9x0M
base,AI will change the world,LprYDqqbjQk
base,AI will change the world,iW-QpBtpzWU
base,AI will change the world,AmgOKf7xyfI
base,AI will change the world,vuleqKUGUlo
base,AI will change the world,Wzm2mNWT_ZI
base,AI will change the world,lxvIuoD-nOs
base,AI will change the world,gMicQCf3UXE
base,AI will change the world,KBIXQ-jG9wQ
base,AI will change the world,6GaWpvH7k6I
base,AI will change the world,pV9J9-LQ9NU
base,AI will change the world,dthbi4lzO58
base,AI will change the world,jE8C0FHWuks
base,AI will change the world,z2MUcmJS3aI
base,AI will change the world,Hyn4yL2tdO8
base,AI will change the world,CsCwkhxS_Wc
base,AI will change the world,RWBpWQNx81Y
base,AI will change the world,7CHr0qwTcJw
base,AI will change the world,Wd8RzZ3xn7w
base,AI will change the world,EDb37y_MhRw
base,AI will change the world,R6mTUK_yPKw
base,AI will change the world,VE-lb1X92cw
base,AI will change the world,mg3qDBPujqg
base,AI will change the world,vnPVfMo2ikU
base,AI will change the world,fwD9EnCzujM
base,AI will change the world,9DFOr17i78Q
base,AI will change the world,U4eq4WdgNBA
base,AI will change the world,0bnxF9YfyFI
base,AI will change the world,P7Y-fynYsgE
base,AI will change the world,1KXOclwOXRE
base,AI will change the world,NBq2YuL9Mo8
base,AI will change the world,Rwqh3gk7Y1g
base,AI will change the world,yFU003t-cTg
base,AI will change the world,LC7J_JOMrsg
base,AI will change the world,YE5adUeTe_I
base,AI will change the world,58xxTZ0YM5w
base,AI will change the world,KkRZ0PfJ06A
base,AI will change the world,udv-dOu4Efg
base,AI will change the world,b0C56yqIkbk
base,AI will change the world,1jLg-q4Fhmc
base,AI will change the world,hmdK_78_qiM
base,AI will change the world,dr0lgoA9wHU
base,AI will change the world,GwEjuhpo26o
base,AI will change the world,vJNDf1FEHUQ
base,AI will change the world,PK8tZNKLchE
base,AI will change the world,LXpc1YiXDoQ
base,AI will change the world,MWYLeDbdnVM
base,AI will change the world,GUyPQO_-9Lg
base,AI will change the world,3SmdvlzpcDY
base,AI will change the world,He5DnEJS5fk
base,AI will change the world,nzAG99YVd14
base,AI will change the world,vB2BQnjVxP8
base,AI will change the world,VZmFsKC7gIw
base,AI will change the world,vmAD-QLPQjk
base,AI will change the world,wWoSx73g1DI
base,AI will change the world,nthVbhbSr1s
base,AI will change the world,984qBh164fo
base,AI will change the world,37aUuoRyMhM
base,AI will change the world,4HTLxZLKyUM
base,AI will change the world,ivdOpoRy19w
base,AI in 10 years,2iy9RXAJblw
base,AI in 10 years,40zBmnkRoio
base,AI in 10 years,AmgOKf7xyfI
base,AI in 10 years,8JXwrVQQ4jw
base,AI in 10 years,SP76PvgMzVU
base,AI in 10 years,-siuI7moQcc
base,AI in 10 years,C5RTgMI-D24
base,AI in 10 years,CRraHg4Ks_g
base,AI in 10 years,zWM_vXdesqE
base,AI in 10 years,7kXQhTpXqA8
base,AI in 10 years,1UufaK3pQMg
base,AI in 10 years,EhQeGgZxdHU
base,AI in 10 years,LnR5f6l1mK0
base,AI in 10 years,2SCFAUzBv-4
base,AI in 10 years,uoU_1KORocQ
base,AI in 10 years,132uwKOO6bE
base,AI in 10 years,5MWT_doo68k
base,AI in 10 years,ojqje7Jy8bA
base,AI in 10 years,98YSzIcgZc0
base,AI in 10 years,GfnZBo18LPo
base,AI in 10 years,Ny-qhl4N9dY
base,AI in 10 years,_7l1J9DAwTs
base,AI in 10 years,5FWjXRjWGeE
base,AI in 10 years,VGFpV3Qj4as
base,AI in 10 years,zju51INmW7U
base,AI in 10 years,i3CFLisKZWw
base,AI in 10 years,_QdxrZrFunI
base,AI in 10 years,m-Wbn1htwdY
base,AI in 10 years,zt0JA5rxdfM
base,AI in 10 years,mvv3Nzqs9Rg
base,AI in 10 years,bCE2OqeqCPY
base,AI in 10 years,5KmopXwjXik
base,AI in 10 years,p1yCOdp2vs0
base,AI in 10 years,1jLg-q4Fhmc
base,AI in 10 years,GCjmK66x_Yk
base,AI in 10 years,xirarnG4CvE
base,AI in 10 years,mERBjn6JotM
base,AI in 10 years,zu4r3YElEz0
base,AI in 10 years,iW-QpBtpzWU
base,AI in 10 years,Rwqh3gk7Y1g
base,AI in 10 years,AG1AzZoE1hs
base,AI in 10 years,gMicQCf3UXE
base,AI in 10 years,8WQpMI3s_Rc
base,AI in 10 years,vTYuAZni8Is
base,AI in 10 years,10LoetyTics
base,AI in 10 years,f-FyMY1LMwI
base,AI in 10 years,vUpP3ULk-OI
base,AI in 10 years,lTMJNHC3ffI
base,AI in 10 years,P_6RhqaMUts
base,AI in 10 years,zQ1POHiR8m8
base,AI in 10 years,wrlNSMtS_dU
base,AI in 10 years,4UeLTsgdZc8
base,AI in 10 years,DFnoQkYUqgU
base,AI in 10 years,OV6TpMNSXFk
base,AI in 10 years,CJHPIYvhrK0
base,AI in 10 years,fIkQ1fyUYNQ
base,AI in 10 years,nzAG99YVd14
base,AI in 10 years,UclrVWafRAI
base,AI in 10 years,2LqevfYkdcg
base,AI in 10 years,5Z6MtMBD-bE
base,AI in 10 years,Isy96puQvYg
base,AI in 10 years,MvwqyC8CjOA
base,AI in 10 years,kE-IJLXd4ZI
base,AI in 10 years,BFU1OCkhBwo
base,AI in 10 years,uNzIVpy528s
base,AI in 10 years,plI1ypfPO5w
base,AI in 10 years,HfOEENEHi9c
base,AI in 10 years,5KVDDfAkRgc
base,AI in 10 years,sPVmEYrS30M
base,AI in 10 years,k_onqn68GHY
base,AI in 10 years,MAgJ9nAa7b4
base,AI in 10 years,gnW-ysrqE50
base,AI in 10 years,E6jPU64L9wg
base,AI in 10 years,79-bApI3GIU
base,AI in 10 years,w4rG5GY9IlA
utopian,AI revolution future,id4YRO7G0wE
utopian,AI revolution future,CRraHg4Ks_g
utopian,AI revolution future,MEtDwwi7bEU
utopian,AI revolution future,jt3Ul3rPXaE
utopian,AI revolution future,1UufaK3pQMg
utopian,AI revolution future,zWM_vXdesqE
utopian,AI revolution future,79-bApI3GIU
utopian,AI revolution future,4aVXJMXCLWk
utopian,AI revolution future,5MWT_doo68k
utopian,AI revolution future,5KVDDfAkRgc
utopian,AI revolution future,Axn3CwrW-nE
utopian,AI revolution future,EDb37y_MhRw
utopian,AI revolution future,m-Wbn1htwdY
utopian,AI revolution future,VZUpzt4thPA
utopian,AI revolution future,U05IWKf94sM
utopian,AI revolution future,YBRyR6FPgl4
utopian,AI revolution future,OA02eRm11JU
utopian,AI revolution future,G4a53RMkyIc
utopian,AI revolution future,5KmopXwjXik
utopian,AI revolution future,tMr5JSZP9cw
utopian,AI revolution future,uoU_1KORocQ
utopian,AI revolution future,RtQmNp5FKsk
utopian,AI revolution future,Otim2mDjsYM
utopian,AI revolution future,LgUjLcxJxVg
utopian,AI revolution future,IpOiRmAEle8
utopian,AI revolution future,pvOLxYhpwO0
utopian,AI revolution future,ZG9MAwSm91c
utopian,AI revolution future,u7gfh7E3g48
utopian,AI revolution future,iddMn6wAn3U
utopian,AI revolution future,X_kqrb8IenA
utopian,AI revolution future,qyH3NxFz3Aw
utopian,AI revolution future,k_onqn68GHY
utopian,AI revolution future,KpOcUrPdx-4
utopian,AI revolution future,0bnxF9YfyFI
utopian,AI revolution future,Ny-qhl4N9dY
utopian,AI revolution future,a4Y_VVuqYyk
utopian,AI revolution future,cIH0_9V8z0Q
utopian,AI revolution future,mERBjn6JotM
utopian,AI revolution future,O6qrzEqAP7A
utopian,AI revolution future,izGCd4HwpWo
utopian,AI revolution future,zEYIcaQwn6s
utopian,AI revolution future,MWMe7yjPYpE
utopian,AI revolution future,sl6bq1iC56Y
utopian,AI revolution future,uMwjKyAPR34
utopian,AI revolution future,asEMh_6BXsU
utopian,AI revolution future,UclrVWafRAI
utopian,AI revolution future,kEWklRsDH6I
utopian,AI revolution future,ZxvPdYMw_Sw
utopian,AI revolution future,GCjmK66x_Yk
utopian,AI revolution future,U84-Ns0qQ1c
utopian,AI revolution future,1pPkVpgHaBM
utopian,AI revolution future,PT6payqqvuk
utopian,AI revolution future,_DokvGZxjwQ
utopian,AI revolution future,P7Y-fynYsgE
utopian,AI revolution future,dM-uonxhalk
utopian,AI revolution future,waidznZ6Z2w
utopian,AI revolution future,prIzghoCZuQ
utopian,AI revolution future,jv-gnCQbhfM
utopian,AI revolution future,-HzgcbRXUK8
utopian,AI revolution future,2249TJJVDvw
utopian,AI revolution future,nWitDxLdpqs
utopian,AI revolution future,D8RtMHuFsUw
utopian,AI revolution future,TkWePjM-_00
utopian,AI revolution future,9lQpF3_WmkI
utopian,AI revolution future,GJeFoEw9x0M
utopian,AI revolution future,gWbDXlGTXW4
utopian,AI revolution future,EkuVqdj8O6E
utopian,AI revolution future,GUyPQO_-9Lg
utopian,AI revolution future,6tISUI2XOrY
utopian,AI revolution future,lTesjm-46g4
utopian,AI revolution future,HL-bQdXac44
utopian,AI revolution future,6oNbvhfoI9g
utopian,AI revolution future,jQeNMizD100
utopian,AI revolution future,gnW-ysrqE50
utopian,AI revolution future,lmAH9ncz5J8
utopian,AI revolution future,_hSJma1ZSpQ
utopian,AI revolution future,wWoSx73g1DI
utopian,AI revolution future,B62XdxLB2W4
utopian,AI revolution future,EwmY7psaZWM
utopian,AI revolution future,ppKmhUyI7Vc
utopian,AI revolution future,zQ1POHiR8m8
utopian,AI revolution future,fIkQ1fyUYNQ
utopian,AI revolution future,DFnoQkYUqgU
utopian,AI revolution future,PVfcH51RDlQ
utopian,AI revolution future,iDEcZXk-I1c
utopian,AI revolution future,qbrcZB-1hck
utopian,AI revolution future,1G-X70bnJEg
utopian,AI revolution future,JMYQmGfTltY
utopian,AI revolution future,1JIB5GwCc_E
utopian,AI revolution future,8VH_QBgqD3E
utopian,AI revolution future,xhM3BTq7exU
utopian,AI revolution future,O0OrU3IYjio
utopian,AI revolution future,BSzBVF7H8FM
utopian,AI revolution future,JI64Ka_tM3c
utopian,AI revolution future,Q6pRlS1mbEI
utopian,AI revolution future,CJHPIYvhrK0
utopian,AI revolution future,yoycgOMq1tI
utopian,AI revolution future,xYpGEFWfkrU
utopian,AI revolution future,GY_Ywqd3mzA
utopian,AI revolution future,9vZvmf6lVFY
utopian,AI revolution future,3ptjSgN9h08
utopian,AI revolution future,5QDsrXS_7dQ
utopian,AI revolution future,ZycifFeXa8E
utopian,AI revolution future,zJfZecYoPEA
utopian,AI revolution future,r3Bcu70UQUo
utopian,AI revolution future,2BrMzH5mLf4
utopian,AI revolution future,XSajFQXEeSE
utopian,AI revolution future,gZ1Hf5jfhU8
utopian,AI revolution future,NkUFkXhalYY
utopian,AI revolution future,pY4WFFrow2g
utopian,AI revolution future,mVRnyejdH-U
utopian,AI revolution future,cG3xbFC2DDw
utopian,AI revolution future,ZklNEulMZmM
utopian,AI revolution future,JfBGCHA9qEo
utopian,AI revolution future,mNQY4OPclac
utopian,AI revolution future,2GE92a9BJr4
utopian,AI revolution future,O8mqEOfU7sk
utopian,AI will improve society,ypicIkaiViM
utopian,AI will improve society,1UufaK3pQMg
utopian,AI will improve society,CRraHg4Ks_g
utopian,AI will improve society,uoU_1KORocQ
utopian,AI will improve society,pc1_v13nnuQ
utopian,AI will improve society,Ny-qhl4N9dY
utopian,AI will improve society,6JZEH1wpeBY
utopian,AI will improve society,sF0k4-DQlZg
utopian,AI will improve society,OVAPy5yAaJo
utopian,AI will improve society,zju51INmW7U
utopian,AI will improve society,qe9QSCF-d88
utopian,AI will improve society,392Qow_JBwk
utopian,AI will improve society,6GaWpvH7k6I
utopian,AI will improve society,O0qoP7dGdn4
utopian,AI will improve society,dthbi4lzO58
utopian,AI will improve society,Wd8RzZ3xn7w
utopian,AI will improve society,8WuwTcxqCBQ
utopian,AI will improve society,id4YRO7G0wE
utopian,AI will improve society,P_6RhqaMUts
utopian,AI will improve society,zWM_vXdesqE
utopian,AI will improve society,No8ZOZErpi0
utopian,AI will improve society,jt3Ul3rPXaE
utopian,AI will improve society,p_kF_SDB0-c
utopian,AI will improve society,3Oh4AvvYFqY
utopian,AI will improve society,IvbFnWhSlZM
utopian,AI will improve society,UtVzD-EZRW4
utopian,AI will improve society,A7VwouaWtic
utopian,AI will improve society,b0C56yqIkbk
utopian,AI will improve society,GJeFoEw9x0M
utopian,AI will improve society,Q4FdieW8HmQ
utopian,AI will improve society,vBtKyfvR41E
utopian,AI will improve society,p1yCOdp2vs0
utopian,AI will improve society,GwEjuhpo26o
utopian,AI will improve society,wrlNSMtS_dU
utopian,AI will improve society,GY_Ywqd3mzA
utopian,AI will improve society,58T5nl7mv4Y
utopian,AI will improve society,qyH3NxFz3Aw
utopian,AI will improve society,Q0TpWitfxPk
utopian,AI will improve society,5IclLYCZIjM
utopian,AI will improve society,ZgHm3t6sB9Q
utopian,AI will improve society,XDBLWU1kcCo
utopian,AI will improve society,m8WomdCLBqE
utopian,AI will improve society,w4rG5GY9IlA
utopian,AI will improve society,UclrVWafRAI
utopian,AI will improve society,jHrkQ928VNI
utopian,AI will improve society,WI74fr_GaZs
utopian,AI will improve society,uMwjKyAPR34
utopian,AI will improve society,LCM8nln0AMc
utopian,AI will improve society,AO5aW01DKHo
utopian,AI will improve society,9_PExs0Ciko
utopian,AI will improve society,wD-7eutiBEQ
utopian,AI will improve society,m-Wbn1htwdY
utopian,AI will improve society,QX1Xwzm9yHY
utopian,AI will improve society,5MWT_doo68k
utopian,AI will improve society,ziLmtuLm-LU
utopian,AI will improve society,RVGQqgKN6y4
utopian,AI will improve society,5sFBySzNIX0
utopian,AI will improve society,3RQisND_y04
utopian,AI will improve society,DvgnFDVcYS4
utopian,AI will improve society,e0VOcgmc484
utopian,AI will improve society,F-vEx81_h2w
utopian,AI will improve society,GCjmK66x_Yk
utopian,AI will improve society,iW-QpBtpzWU
utopian,AI will improve society,kqNHo_FMdMk
utopian,AI will improve society,CPYsED-kTeg
utopian,AI will improve society,k_onqn68GHY
utopian,AI will improve society,rTitZu_0UxM
utopian,AI will improve society,0bnxF9YfyFI
utopian,AI will improve society,_DJzYYCFmNE
utopian,AI will improve society,D87GZptEopc
utopian,AI will improve society,zu4r3YElEz0
utopian,AI will improve society,QurfoQ4wvaM
utopian,AI will improve society,ZV5Fx4qMDgA
utopian,AI will improve society,-0h8_PG0Kkc
utopian,AI will improve society,86k8N4YsA7c
utopian,AI will improve society,2eH_ooAKfeg
utopian,AI will improve society,EVKSgbqTxbw
utopian,AI will improve society,KK5fxtPhS4I
utopian,AI will improve society,USnj3OForzo
utopian,AI will improve society,sSiaB90XpII
utopian,AI will improve society,RiN33qvoDo0
utopian,AI will improve society,03KBHO80oh0
utopian,AI will improve society,3b8x_--X-Rw
utopian,AI will improve society,odUjxJy0YMo
utopian,AI will improve society,CGUHLjg7Mh4
utopian,AI will improve society,gMicQCf3UXE
utopian,AI will improve society,qtL5DgpX-YY
utopian,AI will improve society,lGXrdrQ8cQ0
utopian,AI will improve society,ywMtTQ3XVLQ
utopian,AI will improve society,CJHPIYvhrK0
utopian,AI will improve society,lTMJNHC3ffI
utopian,AI will improve society,gnRrx05N4yA
utopian,AI will improve society,m2TFnmbVUXY
utopian,AI will improve society,m-J9zx9nHVc
utopian,AI will improve society,YSSZHoyUynU
utopian,AI will improve society,Klo55E1WJCk
utopian,AI will improve society,WNIrQb7kO3Y
utopian,AI will improve society,qbrcZB-1hck
utopian,AI will improve society,5qBDQgfeB6s
utopian,AI will improve society,-Y3uvhLjGfE
utopian,AI will improve society,nA6ZdAZqloc
utopian,AI will improve society,spdzQazTBCM
utopian,AI will improve society,G29Q5_Gr-6A
utopian,AI will improve society,bpP_ZoIqMyI
utopian,AI will improve society,fIkQ1fyUYNQ
utopian,AI will improve society,OwGxo28xkhk
utopian,AI will improve society,WZ1yydHfCqw
utopian,AI will improve society,0j1HqEEDThc
utopian,AI will improve society,ZY60PS-B0y0
utopian,AI will improve society,uvZuc7gz_H8
utopian,AI will improve society,GXlsEkOMjvA
utopian,AI will improve society,5CTSWfwuQcM
utopian,AI will improve society,UJGBwyNMleo
utopian,AI will improve society,ZqRBUPKe_T4
utopian,AI will improve society,_oBqVxQpXDw
utopian,AI will improve society,_zfN9wnPvU0
utopian,AI will improve society,0HnMzuSYzwI
utopian,AI will improve society,R6mTUK_yPKw
utopian,AI will improve society,m8o2GrbR3d8
utopian,AI will improve society,P7Y-fynYsgE
utopian,AI will improve society,vS4dFvDebpc
utopian,AI will improve society,NcTcYDjBNNk
utopian,AI will improve society,-ffmwR9PPVM
utopian,AI benefits future,Ny-qhl4N9dY
utopian,AI benefits future,EDb37y_MhRw
utopian,AI benefits future,zWM_vXdesqE
utopian,AI benefits future,6kPHnl-RsVI
utopian,AI benefits future,1UufaK3pQMg
utopian,AI benefits future,9lQpF3_WmkI
utopian,AI benefits future,mWRe8w6YjO0
utopian,AI benefits future,qyH3NxFz3Aw
utopian,AI benefits future,k7PvscqGD24
utopian,AI benefits future,McYBgZrORi4
utopian,AI benefits future,5MWT_doo68k
utopian,AI benefits future,Eq8JgI3HmjI
utopian,AI benefits future,7H7nWcn0jiI
utopian,AI benefits future,i_ekMkE_x3M
utopian,AI benefits future,fOHz8EzLLu4
utopian,AI benefits future,pc1_v13nnuQ
utopian,AI benefits future,zRuCpMKajZk
utopian,AI benefits future,ypicIkaiViM
utopian,AI benefits future,qe9QSCF-d88
utopian,AI benefits future,lTMJNHC3ffI
utopian,AI benefits future,FqsvgFTQv8w
utopian,AI benefits future,uoU_1KORocQ
utopian,AI benefits future,7wfAcn9BJ9I
utopian,AI benefits future,kE-IJLXd4ZI
utopian,AI benefits future,DFnoQkYUqgU
utopian,AI benefits future,5FWjXRjWGeE
utopian,AI benefits future,m8o2GrbR3d8
utopian,AI benefits future,p1yCOdp2vs0
utopian,AI benefits future,p_kF_SDB0-c
utopian,AI benefits future,w4rG5GY9IlA
utopian,AI benefits future,fIkQ1fyUYNQ
utopian,AI benefits future,mh0R8xbFdnE
utopian,AI benefits future,wrlNSMtS_dU
utopian,AI benefits future,UclrVWafRAI
utopian,AI benefits future,DEvMtZLTT8c
utopian,AI benefits future,3URuI6gnJPU
utopian,AI benefits future,KxT1Se_Rt70
utopian,AI benefits future,TRq2k4nnegQ
utopian,AI benefits future,AnaBQacfH50
utopian,AI benefits future,heJpA0wYrrk
utopian,AI benefits future,kmHt5BHXYvU
utopian,AI benefits future,LC7J_JOMrsg
utopian,AI benefits future,iW-QpBtpzWU
utopian,AI benefits future,uz6vFX91dg8
utopian,AI benefits future,FbtYxPUrhq8
utopian,AI benefits future,UN4hwsZ_z9Q
utopian,AI benefits future,UmItR3kIfe4
utopian,AI benefits future,zu4r3YElEz0
utopian,AI benefits future,zULEb1a9RtQ
utopian,AI benefits future,Ocf67sGVHkE
utopian,AI benefits future,reELCidZpbQ
utopian,AI benefits future,_2SEAqI7JTU
utopian,AI benefits future,-OPhI8szPVo
utopian,AI benefits future,RdUM4yp8Vj4
utopian,AI benefits future,njy7BKKSOoo
utopian,AI benefits future,VRF_il50qd4
utopian,AI benefits future,Jt86hrerqb8
utopian,AI benefits future,JFtrfMqlJsY
utopian,AI benefits future,3ulCv56QUYo
utopian,AI benefits future,2MPh3FDq5Pc
utopian,AI benefits future,3Y68D4DU8Os
utopian,AI benefits future,d_GM6iDFhOA
utopian,AI benefits future,MslwQfxwq58
utopian,AI benefits future,LQrNoYleG64
utopian,AI benefits future,BFBf4t2k-YA
utopian,AI benefits future,Ou9OfsVH8DI
utopian,AI benefits future,u7gfh7E3g48
utopian,AI benefits future,Cqusfm0TT40
utopian,AI benefits future,IqSGXDKD3uE
utopian,AI benefits future,qbrcZB-1hck
utopian,AI benefits future,Ndb6CA93McU
utopian,AI benefits future,JQv8x2JY7g8
utopian,AI benefits future,wWoSx73g1DI
utopian,AI benefits future,upRXKXxNUxk
utopian,AI benefits future,Cx4R6h2mdA0
utopian,AI benefits future,MwS3g-ma4T4
utopian,AI benefits future,LtDpD0Pg72A
utopian,AI benefits future,z56dFg2aqn0
utopian,AI benefits future,_s8tCSwAl8k
utopian,AI benefits future,DR0TKIX8ATk
utopian,AI benefits future,Zr_lGdByJSk
utopian,AI benefits future,_LOymjuUWck
utopian,AI benefits future,SVgTstyXSZI
utopian,AI benefits future,58a-ySuAt3g
utopian,AI benefits future,FS5n306DLjU
utopian,AI benefits future,fy20Jv-ShVQ
utopian,AI benefits future,4HTLxZLKyUM
utopian,AI benefits future,Flqljv8clcY
utopian,AI benefits future,DUfSl2fZ_E8
utopian,AI benefits future,ZYs324aYeCk
utopian,AI benefits future,-iiuDB-ZwDU
utopian,AI benefits future,adVL8Z5UXQU
utopian,AI benefits future,i3CFLisKZWw
utopian,AI benefits future,S2AZbZ_K8vY
utopian,AI benefits future,mg3qDBPujqg
utopian,AI benefits future,YWXMq2RQ79g
utopian,AI benefits future,LrFbY-0CRPU
utopian,AI benefits future,ZpTu1YunUy8
utopian,AI benefits future,3FpR_ckCIpc
utopian,AI benefits future,EuvFi3zv1uE
utopian,AI benefits future,_w07HdQxuIw
utopian,AI benefits future,6tPk26N851c
utopian,AI benefits future,4iQh8ktYXLU
utopian,AI benefits future,Xm7ySx8VJXo
utopian,AI benefits future,NKjHNlFpLxg
utopian,AI benefits future,udv-dOu4Efg
utopian,AI benefits future,p-3xsfWk1Wk
utopian,AI benefits future,KkRZ0PfJ06A
utopian,AI benefits future,4b0ZbUq9FYY
utopian,AI benefits future,UNXMsuzbMpg
utopian,AI breakthrough future,oa7FWO8i7kk
utopian,AI breakthrough future,MEtDwwi7bEU
utopian,AI breakthrough future,nPi2ZFOn3Y0
utopian,AI breakthrough future,GCepN2IG97w
utopian,AI breakthrough future,k_onqn68GHY
utopian,AI breakthrough future,DOnBmthYNyY
utopian,AI breakthrough future,P_6RhqaMUts
utopian,AI breakthrough future,CRraHg4Ks_g
utopian,AI breakthrough future,Otim2mDjsYM
utopian,AI breakthrough future,GJeFoEw9x0M
utopian,AI breakthrough future,0PczY1cwOes
utopian,AI breakthrough future,A15g_SV24Jk
utopian,AI breakthrough future,uoU_1KORocQ
utopian,AI breakthrough future,AT47Er2qOgc
utopian,AI breakthrough future,ALYtpS8x9YM
utopian,AI breakthrough future,2Exyzeg5xGQ
utopian,AI breakthrough future,-OPhI8szPVo
utopian,AI breakthrough future,aYppKInSS4I
utopian,AI breakthrough future,pNt4p7TExmY
utopian,AI breakthrough future,kE-IJLXd4ZI
utopian,AI breakthrough future,P_fHJIYENdI
utopian,AI breakthrough future,PEmno49xcY0
utopian,AI breakthrough future,lTMJNHC3ffI
utopian,AI breakthrough future,id4YRO7G0wE
utopian,AI breakthrough future,EDb37y_MhRw
utopian,AI optimism future,CRraHg4Ks_g
utopian,AI optimism future,7mDKmSybP_g
utopian,AI optimism future,Ny-qhl4N9dY
utopian,AI optimism future,IJuHzQ_DB3Q
utopian,AI optimism future,W2a_adkjqiA
utopian,AI optimism future,POm2UzgSzFI
utopian,AI optimism future,zWM_vXdesqE
utopian,AI optimism future,i_ekMkE_x3M
utopian,AI optimism future,uoU_1KORocQ
utopian,AI optimism future,ypicIkaiViM
utopian,AI optimism future,7wfAcn9BJ9I
utopian,AI optimism future,RgAUIpaq1bI
utopian,AI optimism future,9lQpF3_WmkI
utopian,AI optimism future,ZxvPdYMw_Sw
utopian,AI optimism future,HyLmalrUQfE
utopian,AI optimism future,Cxn7AKdIyBU
utopian,AI optimism future,0bnxF9YfyFI
utopian,AI optimism future,4iX58b6T82k
utopian,AI optimism future,vbeaMK0f4fQ
utopian,AI optimism future,fUmN0zYCHE4
utopian,AI optimism future,i2W-fHE96tc
utopian,AI optimism future,hmtuvNfytjM
utopian,AI optimism future,z-fyYrehohM
utopian,AI optimism future,6i3YwfqWVUE
utopian,AI optimism future,Wor8BYnc31Q
utopian,AI optimism future,aY63vK-Gkxc
utopian,AI optimism future,bvsxLLgkp-0
utopian,AI optimism future,Zhc2h4CaU4A
utopian,AI optimism future,x8P-58Gnfz8
utopian,AI optimism future,97Afw-LYIpA
utopian,AI optimism future,getlrc4AKH0
utopian,AI optimism future,zzKccSTgcos
utopian,AI optimism future,qFZ8_Ide-aA
utopian,AI optimism future,0qJVgYJTxNY
utopian,AI optimism future,ivV4pgoqQPQ
utopian,AI optimism future,CRdp89MfOEg
utopian,AI optimism future,zk4XBM0a3UM
utopian,AI optimism future,NPJQaKU5_Lk
utopian,AI optimism future,UK5FN3MvijI
utopian,AI optimism future,M54eZAQMLf8
utopian,AI optimism future,uHY5i9-0tJM
utopian,AI optimism future,4vo3fbCc0zU
utopian,AI optimism future,Ba8vaw1NL-k
utopian,AI optimism future,RIRvz8v-TAU
utopian,AI optimism future,r29X6r3_X_c
utopian,AI optimism future,12KwnUiABpk
utopian,AI optimism future,q14owK35Nj4
utopian,AI optimism future,jBF6MYawN3Y
utopian,AI optimism future,YyARPDXcX-g
utopian,AI optimism future,GcUiTINq0h8
utopian,AI optimism future,iHedVOhL7Q4
utopian,AI optimism future,ZAgExoiXHvI
utopian,AI optimism future,wigzk4q4Ago
utopian,AI optimism future,DopuFrCclE8
utopian,AI optimism future,VdITht8W3Zo
utopian,AI optimism future,-7jgPm0WStA
utopian,AI optimism future,r7TIjCtF1ds
utopian,AI optimism future,239WJGD451o
utopian,AI optimism future,_y68v17j9do
utopian,AI optimism future,TsPUGyAigyQ
utopian,AI optimism future,8OEUiS7y5G4
utopian,AI optimism future,1yT1sS8dLD8
utopian,AI optimism future,6YVHLI6-Bd0
utopian,AI optimism future,EL3AMI6Tpqc
utopian,AI optimism future,ZpHh6Rj2xjQ
utopian,AI optimism future,hiKqkyxpPZc
utopian,AI optimism future,yIUx-SJfaKw
utopian,AI optimism future,vYrDYI3gLns
utopian,AI optimism future,iqE07z5FI-M
utopian,AI optimism future,1j9n_Fk2sqI
utopian,AI optimism future,uG5AiU9-ZoY
utopian,AI optimism future,F8bjp_U_jLo
utopian,AI optimism future,_bMsh1mglpc
utopian,AI optimism future,WOjAPB_ucLE
utopian,AI optimism future,JuIzDkbf_78
utopian,AI optimism future,Iuwq7QMfbo4
utopian,AI optimism future,G163uqytyaI
utopian,AI optimism future,LBJeMdKoDXQ
utopian,AI optimism future,RpnGtQ9y1c4
utopian,AI optimism future,D8c5zfOHuIY
utopian,AI optimism future,aO-6htE19C4
utopian,AI optimism future,6u78PaQjgNY
utopian,AI optimism future,7dpb_oiPOL4
utopian,AI optimism future,dR556syWmuE
utopian,AI optimism future,fE9s8LKMw98
utopian,AI optimism future,oX8LxcmHS2o
utopian,AI optimism future,X486vzuEvqc
utopian,AI optimism future,8k_oszNuCag
utopian,AI optimism future,1RWzbk--yao
utopian,AI optimism future,9flL1YcPFAk
utopian,AI optimism future,fGIQw53j9RI
utopian,AI optimism future,fCx5dFJYL9I
utopian,AI optimism future,mBCwaO7t5oM
utopian,AI optimism future,zBZwa9W0BLQ
utopian,AI optimism future,fqmxP0JAp7Y
utopian,AI optimism future,iiPtcf3iTYk
utopian,AI optimism future,Ybn3LFjeivQ
utopian,AI optimism future,5zu76LgDCE0
utopian,AI optimism future,gUXy4hm05iM
utopian,AI optimism future,miYHWSuFFPo
utopian,AI optimism future,YKC28ZgpGiY
utopian,AI optimism future,kVWDTzfMg3w
utopian,AI optimism future,KKxn3sJNd7E
utopian,AI optimism future,nb-mJ4ZM9n8
utopian,AI optimism future,CTJw9ge57AA
utopian,AI optimism future,oCerw_aib_E
utopian,AI optimism future,mMHfym-KZzQ
utopian,AI optimism future,j27VTB2ol0M
utopian,AI optimism future,u9UdMsvLxgQ
utopian,AI optimism future,jbaZQb8Rs5s
utopian,AI optimism future,sJ6VsppLMXo
utopian,AI optimism future,c2JFUab7hLY
utopian,AI optimism future,1CJrKAyW83g
utopian,AI optimism future,2ZYhml2ltis
utopian,AI optimism future,0EtCmNKRYKc
utopian,AI optimism future,PC6qfP1elsc
utopian,AI optimism future,kPFlgIStEsc
utopian,AI optimism future,37y0IIiRDqU
utopian,AI optimism future,ww_LTJfjFHQ
utopian,AI optimism future,_6LBbuWaLlE
dystopian,AI danger future,79-bApI3GIU
dystopian,AI danger future,5KmopXwjXik
dystopian,AI danger future,eHSn50wnBRQ
dystopian,AI danger future,jeEf9nQgm2w
dystopian,AI danger future,bjnUJq5OONM
dystopian,AI danger future,qyH3NxFz3Aw
dystopian,AI danger future,1UufaK3pQMg
dystopian,AI danger future,qe9QSCF-d88
dystopian,AI danger future,GJeFoEw9x0M
dystopian,AI danger future,k_onqn68GHY
dystopian,AI danger future,i_ekMkE_x3M
dystopian,AI danger future,UclrVWafRAI
dystopian,AI danger future,CkspCK5mGHA
dystopian,AI danger future,uMwjKyAPR34
dystopian,AI danger future,Olv6wnHSbXk
dystopian,AI danger future,7wfAcn9BJ9I
dystopian,AI danger future,BFU1OCkhBwo
dystopian,AI danger future,_oBqVxQpXDw
dystopian,AI danger future,tMr5JSZP9cw
dystopian,AI danger future,CRraHg4Ks_g
dystopian,AI danger future,P7Y-fynYsgE
dystopian,AI danger future,NnA2OoH_NFY
dystopian,AI danger future,ek8UmPrrcX8
dystopian,AI danger future,IidpM2DsrBE
dystopian,AI danger future,K3qS345gAWI
dystopian,AI danger future,f9HwA5IR-sg
dystopian,AI danger future,p1yCOdp2vs0
dystopian,AI danger future,qbrcZB-1hck
dystopian,AI danger future,RiN33qvoDo0
dystopian,AI danger future,Ny-qhl4N9dY
dystopian,AI danger future,Klo55E1WJCk
dystopian,AI danger future,0bnxF9YfyFI
dystopian,AI danger future,uoU_1KORocQ
dystopian,AI danger future,F-vEx81_h2w
dystopian,AI danger future,zQ1POHiR8m8
dystopian,AI danger future,AmgOKf7xyfI
dystopian,AI danger future,guZ-ZPfjqu0
dystopian,AI danger future,BcQb_8hmxSI
dystopian,AI danger future,lTMJNHC3ffI
dystopian,AI danger future,WIhvfnjIxMc
dystopian,AI danger future,ypicIkaiViM
dystopian,AI danger future,ALYtpS8x9YM
dystopian,AI danger future,mERBjn6JotM
dystopian,AI danger future,v07Y4fmSi6Y
dystopian,AI danger future,UmItR3kIfe4
dystopian,AI danger future,WBA7yTjyfds
dystopian,AI danger future,86k8N4YsA7c
dystopian,AI danger future,JMYQmGfTltY
dystopian,AI danger future,wrlNSMtS_dU
dystopian,AI danger future,jREMLory91s
dystopian,AI danger future,55Z4cg5Fyu4
dystopian,AI danger future,H4Q15cCS8ss
dystopian,AI danger future,UJGBwyNMleo
dystopian,AI danger future,tjW_gms7CME
dystopian,AI danger future,oA6jd0IrsVU
dystopian,AI danger future,O5vAUMAsZDQ
dystopian,AI danger future,VE-lb1X92cw
dystopian,AI danger future,KkRZ0PfJ06A
dystopian,AI danger future,J1b8UwJDvbw
dystopian,AI danger future,gtGZnyIXLUk
dystopian,AI danger future,udv-dOu4Efg
dystopian,AI danger future,RtQmNp5FKsk
dystopian,AI danger future,Isy96puQvYg
dystopian,AI danger future,jHrkQ928VNI
dystopian,AI danger future,giT0ytynSqg
dystopian,AI danger future,fXHUBEMJJdk
dystopian,AI danger future,vmAD-QLPQjk
dystopian,AI danger future,YX0j2KSkr0A
dystopian,AI danger future,u7gfh7E3g48
dystopian,AI danger future,D8RtMHuFsUw
dystopian,AI danger future,3SmdvlzpcDY
dystopian,AI danger future,qNk0qx_a5vQ
dystopian,AI danger future,-MbD_KdPgZ0
dystopian,AI danger future,LXpc1YiXDoQ
dystopian,AI danger future,aQFFG8Q_jfI
dystopian,AI danger future,6GaWpvH7k6I
dystopian,AI danger future,8s7CdgJDuS0
dystopian,AI danger future,r9DBT5h_adY
dystopian,AI danger future,JRempgHLz-g
dystopian,AI danger future,kQ7cYwq46Zc
dystopian,AI danger future,gMicQCf3UXE
dystopian,AI danger future,2U6bJEFC97c
dystopian,AI danger future,fH03L5-nB8s
dystopian,AI danger future,58xxTZ0YM5w
dystopian,AI danger future,EETul4UGDiA
dystopian,AI danger future,a-1lZvvTNOs
dystopian,AI danger future,Wd8RzZ3xn7w
dystopian,AI danger future,3RQisND_y04
dystopian,AI danger future,hns1g4dm0Qo
dystopian,AI danger future,4_bYbc1-y8g
dystopian,AI danger future,_6S84shtCko
dystopian,AI danger future,dthbi4lzO58
dystopian,AI danger future,jrK3PsD3APk
dystopian,AI danger future,H7GC_qee6E4
dystopian,AI danger future,mO8x6Mda4jY
dystopian,AI danger future,MWYLeDbdnVM
dystopian,AI danger future,iW-QpBtpzWU
dystopian,AI danger future,yVG2kCgks1g
dystopian,AI danger future,_zfN9wnPvU0
dystopian,AI danger future,oQbXrMYpmkE
dystopian,AI danger future,4HTLxZLKyUM
dystopian,AI danger future,Hyn4yL2tdO8
dystopian,AI danger future,YVfCyFscBj0
dystopian,AI danger future,6kPHnl-RsVI
dystopian,AI danger future,Fy6cZVn2p8A
dystopian,AI danger future,Uz3ZkNeRunk
dystopian,AI danger future,fFv4eqejcA8
dystopian,AI danger future,7oPaOWEWCoA
dystopian,AI danger future,E2_bwAmf74Y
dystopian,AI danger future,CJHPIYvhrK0
dystopian,AI danger future,5YqltqJTWkI
dystopian,AI danger future,DUfSl2fZ_E8
dystopian,AI danger future,E2Ot3wQzcUo
dystopian,AI danger future,0NFU4ebE4Qg
dystopian,AI danger future,ZxvPdYMw_Sw
dystopian,AI danger future,6-4K6kL-Bp8
dystopian,AI danger future,aAPpQC-3EyE
dystopian,AI danger future,Q0TpWitfxPk
dystopian,AI danger future,XF-0qldJ6A8
dystopian,AI danger future,QX1Xwzm9yHY
dystopian,AI will replace jobs,nzAG99YVd14
dystopian,AI will replace jobs,7c1xhcV9QqU
dystopian,AI will replace jobs,byz4nhW6yrk
dystopian,AI will replace jobs,AmgOKf7xyfI
dystopian,AI will replace jobs,R6mTUK_yPKw
dystopian,AI will replace jobs,UclrVWafRAI
dystopian,AI will replace jobs,RWDfmAD7rpE
dystopian,AI will replace jobs,dthbi4lzO58
dystopian,AI will replace jobs,cuHZ8xelnQs
dystopian,AI will replace jobs,RgAUIpaq1bI
dystopian,AI will replace jobs,ypicIkaiViM
dystopian,AI will replace jobs,p1yCOdp2vs0
dystopian,AI will replace jobs,6GaWpvH7k6I
dystopian,AI will replace jobs,b_Labla55do
dystopian,AI will replace jobs,gGJ8kR0pSzU
dystopian,AI will replace jobs,IqwSb2hO1jE
dystopian,AI will replace jobs,sl6bq1iC56Y
dystopian,AI will replace jobs,4ZgBBbZFvMo
dystopian,AI will replace jobs,Vmtco9mWAY0
dystopian,AI will replace jobs,5_cyfwQLd6Y
dystopian,AI will replace jobs,vftoV5frC6I
dystopian,AI will replace jobs,JMYQmGfTltY
dystopian,AI will replace jobs,eA-1RFov-tY
dystopian,AI will replace jobs,AC-MSusGTrY
dystopian,AI will replace jobs,rWCT86Hjy2Q
dystopian,AI will replace jobs,4hH0DQKjHhw
dystopian,AI will replace jobs,lxvIuoD-nOs
dystopian,AI will replace jobs,Uz3ZkNeRunk
dystopian,AI will replace jobs,79-bApI3GIU
dystopian,AI will replace jobs,yic4ImNSE3w
dystopian,AI will replace jobs,Ds70qs4JyJc
dystopian,AI will replace jobs,YFXgl3zfHNU
dystopian,AI will replace jobs,Zrw7MHupJyY
dystopian,AI will replace jobs,FA9tTm0p1bw
dystopian,AI will replace jobs,Uk3pbqLm3ko
dystopian,AI will replace jobs,p_kF_SDB0-c
dystopian,AI will replace jobs,dH_UvWmvny0
dystopian,AI will replace jobs,en8aDAIYkp0
dystopian,AI will replace jobs,-SmScE8hN2U
dystopian,AI will replace jobs,37cvmWQrt1w
dystopian,AI will replace jobs,QX1Xwzm9yHY
dystopian,AI will replace jobs,UmItR3kIfe4
dystopian,AI will replace jobs,9KZ8CtwBIFE
dystopian,AI will replace jobs,zju51INmW7U
dystopian,AI will replace jobs,dx991LBAyZ0
dystopian,AI will replace jobs,JurOkE1p7Ug
dystopian,AI will replace jobs,2u6OYlZpQGA
dystopian,AI will replace jobs,4Sj4-kYi0J0
dystopian,AI will replace jobs,ozVb14bNwzQ
dystopian,AI will replace jobs,qMOiJVi-T-M
dystopian,AI will replace jobs,DZlBjfYx3mE
dystopian,AI will replace jobs,FRUTFGtPeVc
dystopian,AI will replace jobs,i3CFLisKZWw
dystopian,AI will replace jobs,gqnYIdTJ6mo
dystopian,AI will replace jobs,8pru0N0urOY
dystopian,AI will replace jobs,GCjmK66x_Yk
dystopian,AI will replace jobs,MdUMQyB83H8
dystopian,AI will replace jobs,Isy96puQvYg
dystopian,AI will replace jobs,hyzXpC_6m0s
dystopian,AI will replace jobs,M-1uW4W8CgE
dystopian,AI will replace jobs,vmAD-QLPQjk
dystopian,AI will replace jobs,9_PExs0Ciko
dystopian,AI will replace jobs,zQThHCB_aec
dystopian,AI will replace jobs,5zu76LgDCE0
dystopian,AI will replace jobs,CJHPIYvhrK0
dystopian,AI will replace jobs,yVc2ZhECTMg
dystopian,AI will replace jobs,N1X9IFq2W2g
dystopian,AI will replace jobs,sOuWDLIrSfQ
dystopian,AI will replace jobs,TBtbWTgmRjA
dystopian,AI will replace jobs,MqXag8yTXdw
dystopian,AI will replace jobs,UVXUtPk4pPA
dystopian,AI will replace jobs,H878tKvgIgo
dystopian,AI will replace jobs,LVfGtz7bhZc
dystopian,AI will replace jobs,98RYL3_ohOY
dystopian,AI will replace jobs,QIAiEM0Stbw
dystopian,AI will replace jobs,zp9GTOVAyoI
dystopian,AI will replace jobs,3RQisND_y04
dystopian,AI will replace jobs,yt4S6_Uw884
dystopian,AI will replace jobs,AQ5QspaZw5o
dystopian,AI will replace jobs,zQ1POHiR8m8
dystopian,AI will replace jobs,J-RixlEIq7Y
dystopian,AI will replace jobs,bJaZykI4vu0
dystopian,AI will replace jobs,b_gjZhCsXAM
dystopian,AI will replace jobs,M0VQ8jCYLFM
dystopian,AI will replace jobs,udv-dOu4Efg
dystopian,AI will replace jobs,3cs09XQ6cb0
dystopian,AI will replace jobs,SmJV7tQhrwQ
dystopian,AI will replace jobs,AeauMXjK0Wg
dystopian,AI will replace jobs,5ijaf7i5TIY
dystopian,AI will replace jobs,m16_eHnC_yw
dystopian,AI will replace jobs,CKesOqpP_zA
dystopian,AI will replace jobs,VXWyE1S8MtI
dystopian,AI will replace jobs,p4KiUlSXvvI
dystopian,AI will replace jobs,fH03L5-nB8s
dystopian,AI will replace jobs,4AP9tlOjd0g
dystopian,AI will replace jobs,H63oLyANaoE
dystopian,AI will replace jobs,HZSpw315KtQ
dystopian,AI will replace jobs,lQBfpDKq9nw
dystopian,AI will replace jobs,CWiGau9PyDw
dystopian,AI will replace jobs,0pcwqcFyDfM
dystopian,AI will replace jobs,9a-bDcxNDdc
dystopian,AI will replace jobs,init5ASfNXw
dystopian,AI will replace jobs,S4NX7-7ng0I
dystopian,AI will replace jobs,leRJCesbCRU
dystopian,AI will replace jobs,J0Xm0LURpKQ
dystopian,AI will replace jobs,2eH_ooAKfeg
dystopian,AI will replace jobs,JyfWJWAC74I
dystopian,AI will replace jobs,EiwX2mgrZRM
dystopian,AI will replace jobs,0i0O_TFbAoU
dystopian,AI will replace jobs,y4vo0tSJa6w
dystopian,AI will replace jobs,u8R7pEU7eUg
dystopian,AI will replace jobs,_yyd11td_H4
dystopian,AI will replace jobs,jJ0NdKQF1RE
dystopian,AI will replace jobs,eRmU2AmWeQ4
dystopian,AI will replace jobs,T792oO8c6l0
dystopian,AI will replace jobs,F71CYzB4Ar4
dystopian,AI will replace jobs,hlPK3dPsszQ
dystopian,AI surveillance future,2jU-mLMV8Vw
dystopian,AI surveillance future,a97RYEVpXhI
dystopian,AI surveillance future,v07Y4fmSi6Y
dystopian,AI surveillance future,oErbhBgdtRE
dystopian,AI surveillance future,qe9QSCF-d88
dystopian,AI surveillance future,-XBnrVDwnLM
dystopian,AI surveillance future,9SeoULG-Avs
dystopian,AI surveillance future,T6Pb0ZXKFo0
dystopian,AI surveillance future,k_onqn68GHY
dystopian,AI surveillance future,8nslXw-OdZE
dystopian,AI surveillance future,z2kw1d8YvYE
dystopian,AI surveillance future,m__kJCz2oS0
dystopian,AI surveillance future,1UufaK3pQMg
dystopian,AI surveillance future,wU_NN6Q0Mn0
dystopian,AI surveillance future,5ladF__Kcas
dystopian,AI surveillance future,1zSe9T3cMuc
dystopian,AI surveillance future,3sSDQ_wLSzM
dystopian,AI surveillance future,P7Y-fynYsgE
dystopian,AI surveillance future,DUfSl2fZ_E8
dystopian,AI surveillance future,il0bMaHh4ms
dystopian,AI surveillance future,lvXVCcWyFMY
dystopian,AI surveillance future,3SIY1Y7fy6M
dystopian,AI surveillance future,wUed_5EVDNg
dystopian,AI surveillance future,YWWDIaPkXAc
dystopian,AI surveillance future,DZ95Gmvg_D4
dystopian,AI existential risk,uQYpyjJHCwQ
dystopian,AI existential risk,NnA2OoH_NFY
dystopian,AI existential risk,qe9QSCF-d88
dystopian,AI existential risk,SrPo1sGwSAc
dystopian,AI existential risk,w_agSeXwxhU
dystopian,AI existential risk,uMwjKyAPR34
dystopian,AI existential risk,HEzlut8tBrg
dystopian,AI existential risk,MoIpDVF79x8
dystopian,AI existential risk,K3qS345gAWI
dystopian,AI existential risk,2bbSgSIQsac
dystopian,AI existential risk,A29ZgJ1yzk4
dystopian,AI existential risk,GJeFoEw9x0M
dystopian,AI existential risk,5KVDDfAkRgc
dystopian,AI existential risk,EdZziEDDCPg
dystopian,AI existential risk,IidpM2DsrBE
dystopian,AI existential risk,8aASuL31qqI
dystopian,AI existential risk,qMNdST9WPO4
dystopian,AI existential risk,wjwogN_5VJg
dystopian,AI existential risk,1UufaK3pQMg
dystopian,AI existential risk,BcQb_8hmxSI
dystopian,AI existential risk,pSDC2mmVQpg
dystopian,AI existential risk,0QmDcQIvSDc
dystopian,AI existential risk,dhZs3Zdw6Gc
dystopian,AI existential risk,P7Y-fynYsgE
dystopian,AI existential risk,2Nn0-kAE5c0
dystopian,AI existential risk,OGpTw4tthko
dystopian,AI existential risk,tuCBVuzTKAU
dystopian,AI existential risk,6Sx6SstJir0
dystopian,AI existential risk,IzYjLeHrQ7o
dystopian,AI existential risk,giT0ytynSqg
dystopian,AI existential risk,xnEBt_jqiEM
dystopian,AI existential risk,3ssNTRohHlc
dystopian,AI existential risk,ZDaDl_lq3Ow
dystopian,AI existential risk,gsjXCweLK0I
dystopian,AI existential risk,VKLDl3siaSE
dystopian,AI existential risk,uvJwnAA8Rp4
dystopian,AI existential risk,ug5QSIz7nJc
dystopian,AI existential risk,DTOHKZHkSU4
dystopian,AI existential risk,TPSnwKMq2rg
dystopian,AI existential risk,b5qtL7tYBp4
dystopian,AI existential risk,Cv5w2m9lyik
dystopian,AI existential risk,oaDvA-4d8CU
dystopian,AI existential risk,bePAp5Ue0PI
dystopian,AI existential risk,jBF6MYawN3Y
dystopian,AI existential risk,tU9KsDkc1wk
dystopian,AI existential risk,IgtfaxDbYLA
dystopian,AI existential risk,xJNF7_Iw94U
dystopian,AI existential risk,2zdvaLuQAwo
dystopian,AI existential risk,9czFOH-6Wuc
dystopian,AI existential risk,AfqWK8uvM3c
dystopian,AI existential risk,y40ZKl4i7nE
dystopian,AI existential risk,6YMLY4en0eI
dystopian,AI existential risk,nsA9rTpNDJA
dystopian,AI existential risk,QmYvRruXYgY
dystopian,AI existential risk,Xw__hla-WM8
dystopian,AI existential risk,L6tLPT6NVRQ
dystopian,AI existential risk,ATO5e-QzrxM
dystopian,AI existential risk,CRraHg4Ks_g
dystopian,AI existential risk,ViTmfr6Sqcc
dystopian,AI existential risk,4iX58b6T82k
dystopian,AI existential risk,hns1g4dm0Qo
dystopian,AI existential risk,uQYl3Rcbezk
dystopian,AI existential risk,htVuWX6H9iM
dystopian,AI existential risk,DY8PAgOM90Q
dystopian,AI existential risk,cMso_R-fBBs
dystopian,AI existential risk,OUPWCl4Q-N4
dystopian,AI existential risk,ssctnLGcMIQ
dystopian,AI existential risk,a-ngeRMT3nI
dystopian,AI existential risk,02042R0hmxM
dystopian,AI existential risk,-L_W6-rPN1k
dystopian,AI existential risk,SDHU_5hV1wQ
dystopian,AI existential risk,ZlFensAftdk
dystopian,AI existential risk,0mSS2JTuFBs
dystopian,AI existential risk,TtLIHv7PORE
dystopian,AI existential risk,Qu7SqzFtfzA
dystopian,AI existential risk,58bArF8wIhk
dystopian,AI existential risk,8zNCsXLUt9A
dystopian,AI existential risk,nVDhioTPAAk
dystopian,AI existential risk,xS_4mAOgQag
dystopian,AI existential risk,0Fia6epve5E
dystopian,AI existential risk,58rfDsQmZXI
dystopian,AI existential risk,xCPkNs_s85s
dystopian,AI existential risk,uB7mjB6WaCg
dystopian,AI existential risk,6cz5vvUuDEI
dystopian,AI existential risk,bjnUJq5OONM
dystopian,AI existential risk,XLaPMcwnaQk
dystopian,AI existential risk,d-kBpVS-gQk
dystopian,AI existential risk,Uudo8tWNy-w
dystopian,AI existential risk,FetR8zMtly0
dystopian,AI existential risk,_Ydo-821IFQ
dystopian,AI existential risk,ay6bv3eDFG0
dystopian,AI existential risk,fWN-TLnUEtc
dystopian,AI existential risk,21616b0ruh0
dystopian,AI existential risk,yiRBl1GAfMU
dystopian,AI existential risk,heJAlx09l34
dystopian,AI existential risk,nqf3opgaBfw
dystopian,AI existential risk,UFEvdSCpNPQ
dystopian,AI existential risk,5uIwRXSNowM
dystopian,AI existential risk,CpnZhuYs4KY
dystopian,AI existential risk,-z5ni700RxA
dystopian,AI existential risk,uGrbi5U-J3w
dystopian,AI existential risk,JoFEb822yyw
dystopian,AI existential risk,Xu63AgqGp40
dystopian,AI existential risk,f5AcvMOcOEE
dystopian,AI existential risk,baKK_eerEyc
dystopian,AI existential risk,StAZxpJYLk0
dystopian,AI existential risk,jZbQhjmpkVc
dystopian,AI existential risk,HZ1fu9Kd1j4
dystopian,AI existential risk,0EHr4bfLKI8
dystopian,AI existential risk,YG1YJiEjh4g
dystopian,AI existential risk,2FkWcXTj-HM
dystopian,AI existential risk,7fX-9Ky86Po
dystopian,AI existential risk,oyOrW1of51o
dystopian,AI existential risk,ec0y6N5VFGU
dystopian,AI existential risk,ahmkrSr03OI
dystopian,AI existential risk,bUnMAviE9kI
dystopian,AI existential risk,IjxjxCqyMoE
dystopian,AI existential risk,gHw9KKz4JjY
dystopian,AI existential risk,Rl6XnDzgjW0
dystopian,AI existential risk,vru8D0PGxu8
dystopian,AI existential risk,yeq2h-c2X8w
dystopian,AI existential risk,NPHIGxAxOfE
dystopian,AI existential risk,svVOdQri2Qk
dystopian,AI existential risk,Rhcp7ZUiw3g
dystopian,AI existential risk,9QlBsBMGQLI
dystopian,AI takes over,cuHZ8xelnQs
dystopian,AI takes over,wrlNSMtS_dU
dystopian,AI takes over,1UufaK3pQMg
dystopian,AI takes over,k_onqn68GHY
dystopian,AI takes over,79-bApI3GIU
dystopian,AI takes over,m9ghZ45YnOs
dystopian,AI takes over,gMicQCf3UXE
dystopian,AI takes over,uhjDcW6sSnM
dystopian,AI takes over,vxkBE23zDmQ
dystopian,AI takes over,ew7QYoMRW6I
dystopian,AI takes over,5siCgrhEL6g
dystopian,AI takes over,wFiEXodlNto
dystopian,AI takes over,D8RtMHuFsUw
dystopian,AI takes over,gGJ8kR0pSzU
dystopian,AI takes over,zXEuKULvvyI
dystopian,AI takes over,5KmopXwjXik
dystopian,AI takes over,1l_2rn_bxXc
dystopian,AI takes over,5KVDDfAkRgc
dystopian,AI takes over,m6HUy91-6j0
dystopian,AI takes over,bjnUJq5OONM
dystopian,AI takes over,E4rwhE281hU
dystopian,AI takes over,RWDfmAD7rpE
dystopian,AI takes over,ecJMEI4n9Tg
dystopian,AI takes over,_zfN9wnPvU0
dystopian,AI takes over,5_cyfwQLd6Y
